VH-001	213
VH-002	212
VH-003	208
VH-004	235
VH-005	210
VH-006	213
VH-007	235
VH-008	217
VH-009	235
VH-010	208
VH-011	228
VH-012	236
VH-013	225
VH-014	214
VH-015	223
VH-016	245
VH-017	227
VH-018	234
VH-019	222
VH-020	217
VH-021	220
VH-022	225
VH-023	211
VH-024	194
VH-025	222
VH-026	233
VH-027	191
VH-028	224
VH-029	224
VH-030	215
VH-031	229
VH-032	225
VH-033	246
VH-034	224
VH-035	244
VH-036	235
VH-037	218
VH-038	227
VH-039	206
VH-040	209
VH-041	204
VH-042	223
VH-043	219
VH-044	226
VH-045	221
VH-046	228
VH-047	217
VH-048	209
VH-049	220
VH-050	218
VH-051	227
VH-052	222
VH-053	213
VH-054	212
VH-055	183
VH-056	220
VH-057	201
VH-058	220
VH-059	233
VH-060	191
VH-061	226
VH-062	208
VH-063	217
VH-064	246
VH-065	219
VH-066	222
VH-067	231
VH-068	231
VH-069	200
VH-070	222
VH-071	224
VH-072	203
VH-073	201
VH-074	225
VH-075	232
VH-076	223
VH-077	225
VH-078	210
VH-079	223
VH-080	213
VH-081	194
VH-082	220
VH-083	219
VH-084	225
VH-085	189
VH-086	210
VH-087	230
VH-088	207
VH-089	204
VH-090	220
VH-091	228
VH-092	221
VH-093	238
VH-094	215
VH-095	207
VH-096	216
VH-097	221
VH-098	216
VH-099	209
VH-100	226
VH-101	234
VH-102	224
VH-103	225
VH-104	220
VH-105	239
VH-106	240
VH-107	200
VH-108	216
VH-109	222
VH-110	201
VH-111	212
VH-112	215
VH-113	241
VH-114	214
VH-115	228
VH-116	215
VH-117	195
VH-118	226
VH-119	192
VH-120	210
VH-121	234
VH-122	226
VH-123	206
VH-124	215
VH-125	238
VH-126	212
VH-127	237
VH-128	236
VH-129	246
VH-130	222
VH-131	205
VH-132	223
VH-133	231
VH-134	227
VH-135	223
VH-136	200
VH-137	214
VH-138	201
VH-139	217
VH-140	208
VH-141	205
VH-142	246
VH-143	207
VH-144	220
VH-145	225
VH-146	195
VH-147	200
VH-148	230
VH-149	210
VH-150	224
VH-151	191
VH-152	217
VH-153	202
VH-154	217
VH-155	206
VH-156	213
VH-157	196
VH-158	220
VH-159	220
VH-160	200
VH-161	221
VH-162	224
VH-163	262
VH-164	223
VH-165	212
VH-166	187
VH-167	211
VH-168	182
VH-169	207
VH-170	223
VH-171	231
VH-172	217
VH-173	190
VH-174	210
VH-175	233
VH-176	221
VH-177	218
VH-178	238
VH-179	198
VH-180	235
VH-181	225
VH-182	230
VH-183	219
VH-184	231
VH-185	206
VH-186	241
VH-187	201
VH-188	202
VH-189	196
VH-190	196
VH-191	215
VH-192	199
VH-193	214
VH-194	226
VH-195	221
VH-196	221
VH-197	224
VH-198	200
VH-199	232
VH-200	263
